[{"id":66579,"nid":11452975,"dbId":"n11452975_ceil4v009j137nhhmp50","op":"create","value":"[{\"kind\": \"int\", \"name\": \"_id\", \"index\": \"primary\", \"internal\": true, \"readOnly\": true}, {\"kind\": \"string\", \"name\": \"_user\", \"index\": \"normal\", \"order\": 99, \"kindLen\": 100, \"internal\": true, \"readOnly\": true}, {\"kind\": \"timestamp\", \"name\": \"_create\", \"index\": \"normal\", \"order\": 100, \"internal\": true, \"readOnly\": true}, {\"kind\": \"timestamp\", \"name\": \"_update\", \"order\": 101, \"internal\": true, \"readOnly\": true}, {\"kind\": \"text\", \"name\": \"留言\", \"after\": \"_id\", \"order\": 50}]"}]